data,close,retorno_pct
2023-01-02,106376.0,
2023-01-03,104166.0,-2.077536286380388
2023-01-04,105334.0,1.1212871762379173
2023-01-05,107518.0,2.073404598705064
2023-01-06,108836.0,1.225841254487614
2023-01-09,109227.0,0.3592561284869067
2023-01-10,110912.0,1.542658866397506
2023-01-11,111763.0,0.7672749567224413
2023-01-12,111877.0,0.10200155686586054
2023-01-13,110916.0,-0.8589790573576339
2023-01-16,109213.0,-1.5353961556493156
2023-01-17,111439.0,2.0382188933551815
2023-01-18,112452.0,0.9090174893888081
2023-01-19,113006.0,0.49265464375911616
2023-01-20,112301.0,-0.6238606799638946
2023-01-23,111709.0,-0.5271547003143362
2023-01-24,113028.0,1.1807464036022175
2023-01-25,114195.0,1.0324875252149868
2023-01-26,114109.0,-0.0753097771356015
2023-01-27,112502.0,-1.4083025878765087
2023-01-30,111888.0,-0.5457680752342209
2023-01-31,113532.0,1.4693264693264707
2023-02-01,112303.0,-1.0825141810238526
2023-02-02,109935.0,-2.108581248942598
2023-02-03,108490.0,-1.3144130622640637
2023-02-06,108456.0,-0.0313392939441437
2023-02-07,107920.0,-0.49420963339972257
2023-02-08,109882.0,1.8180133432172063
2023-02-09,107783.0,-1.9102309750459567
2023-02-10,108150.0,0.3404989655140467
2023-02-13,108846.0,0.643550624133149
2023-02-14,107659.0,-1.090531576723075
2023-02-15,109442.0,1.6561550822504323
2023-02-16,109905.0,0.42305513422635777
2023-02-17,109303.0,-0.5477457804467512
2023-02-22,107152.0,-1.9679240277028054
2023-02-23,107720.0,0.5300880991488732
2023-02-24,105873.0,-1.7146305235796522
2023-02-27,105711.0,-0.15301351619393389
2023-02-28,104932.0,-0.7369147960004208
2023-03-01,104385.0,-0.521289978271644
2023-03-02,103326.0,-1.0145135795372906
2023-03-03,103866.0,0.5226177341617788
2023-03-06,104700.0,0.802957656981107
2023-03-07,104228.0,-0.45081184336198676
2023-03-08,106540.0,2.218213915646472
2023-03-09,105071.0,-1.3788248545147375
2023-03-10,103618.0,-1.3828744372852642
2023-03-13,103121.0,-0.4796463934837569
2023-03-14,102932.0,-0.18327983630880285
2023-03-15,102675.0,-0.24967939999223088
2023-03-16,103435.0,0.7401996591185789
2023-03-17,101982.0,-1.404746942524293
2023-03-20,100923.0,-1.0384185444490157
2023-03-21,100998.0,0.07431408103206749
2023-03-22,100221.0,-0.7693221647953385
2023-03-23,97926.0,-2.2899392342922154
2023-03-24,98829.0,0.9221248697996343
2023-03-27,99670.0,0.8509647977820167
2023-03-28,101185.0,1.5200160529748263
2023-03-29,101793.0,0.6008795770124031
2023-03-30,103713.0,1.8861807786390017
2023-03-31,101882.0,-1.7654488829751291
2023-04-03,101506.0,-0.36905439626234715
2023-04-04,101869.0,0.35761432821705963
2023-04-05,100978.0,-0.8746527402840876
2023-04-06,100822.0,-0.15448909663491328
2023-04-10,101847.0,1.0166431929539144
2023-04-11,106214.0,4.287804255402716
2023-04-12,106890.0,0.636450938670996
2023-04-13,106458.0,-0.4041538029750158
2023-04-14,106279.0,-0.16814142666591314
2023-04-17,106016.0,-0.24746186923099156
2023-04-18,106163.0,0.1386583157259258
2023-04-19,103913.0,-2.119382459048824
2023-04-20,104367.0,0.43690394849538183
2023-04-24,103947.0,-0.40242605421253463
2023-04-25,103220.0,-0.6993948839312369
2023-04-26,102312.0,-0.8796744816895963
2023-04-27,102923.0,0.5971929001485687
2023-04-28,104432.0,1.4661445935310935
2023-05-02,101927.0,-2.3986900566876024
2023-05-03,101797.0,-0.12754226063751428
2023-05-04,102174.0,0.37034490210909876
2023-05-05,105148.0,2.910720927046029
2023-05-08,106042.0,0.8502301517860467
2023-05-09,107114.0,1.0109202014296326
2023-05-10,107448.0,0.31181731613048047
2023-05-11,108256.0,0.7519916610825739
2023-05-12,108464.0,0.19213715637007578
2023-05-15,109029.0,0.5209101637409619
2023-05-16,108194.0,-0.7658512872721901
2023-05-17,109460.0,1.1701203393903459
2023-05-18,110108.0,0.5919970765576377
2023-05-19,110745.0,0.5785229047843954
2023-05-22,110213.0,-0.48038286152873866
2023-05-23,109929.0,-0.25768285048043404
2023-05-24,108800.0,-1.0270265353091501
2023-05-25,110054.0,1.15257352941176
2023-05-26,110906.0,0.7741654097079609
2023-05-29,110333.0,-0.5166537428092255
2023-05-30,108967.0,-1.2380702056501658
2023-05-31,108335.0,-0.5799921077023318
2023-06-01,110565.0,2.058429870309686
2023-06-02,112558.0,1.8025595803373484
2023-06-05,112696.0,0.12260345777288517
2023-06-06,114610.0,1.6983743877333701
2023-06-07,115488.0,0.7660762586161773
2023-06-09,117019.0,1.3256788584095291
2023-06-12,117336.0,0.27089617925293297
2023-06-13,116743.0,-0.5053862412217947
2023-06-14,119069.0,1.9924106798694607
2023-06-15,119221.0,0.12765707278972194
2023-06-16,118758.0,-0.3883544006508921
2023-06-19,119858.0,0.9262533892453462
2023-06-20,119622.0,-0.1968996646031118
2023-06-21,120420.0,0.6671013693133387
2023-06-22,118934.0,-1.2340142833416334
2023-06-23,118977.0,0.036154505860386266
2023-06-26,118243.0,-0.6169259604797528
2023-06-27,117523.0,-0.6089155383405376
2023-06-28,116681.0,-0.7164555023272068
2023-06-29,118383.0,1.4586779338538358
2023-06-30,118087.0,-0.2500359004248942
2023-07-03,119673.0,1.3430775614589274
2023-07-04,119076.0,-0.4988593918427764
2023-07-05,119549.0,0.3972253014881355
2023-07-06,117426.0,-1.775840868597811
2023-07-07,118898.0,1.2535554306541963
2023-07-10,117942.0,-0.8040505307069901
2023-07-11,117220.0,-0.6121653015889184
2023-07-12,117666.0,0.38048114656201726
2023-07-13,119264.0,1.3580813489028287
2023-07-14,117711.0,-1.3021532063321684
2023-07-17,118219.0,0.4315654441810812
2023-07-18,117841.0,-0.3197455569747709
2023-07-19,117552.0,-0.24524571244304294
2023-07-20,118083.0,0.45171498570846236
2023-07-21,120217.0,1.8072034077724952
2023-07-24,121342.0,0.9358077476563142
2023-07-25,122008.0,0.5488618944800683
2023-07-26,122560.0,0.45242934889515585
2023-07-27,119990.0,-2.0969321148825104
2023-07-28,120187.0,0.16418034836236384
2023-07-31,121943.0,1.4610565202559433
2023-08-01,121248.0,-0.5699384138490915
2023-08-02,120859.0,-0.32083003430984913
2023-08-03,120586.0,-0.2258830538064971
2023-08-04,119508.0,-0.893967790622463
2023-08-07,119380.0,-0.10710580044850371
2023-08-08,119090.0,-0.24292176243927432
2023-08-09,118409.0,-0.5718364262322639
2023-08-10,118350.0,-0.04982729353343318
2023-08-11,118065.0,-0.24081115335867764
2023-08-14,116810.0,-1.0629737856265642
2023-08-15,116171.0,-0.5470422052906376
2023-08-16,115592.0,-0.498403215948906
2023-08-17,114982.0,-0.5277181811890075
2023-08-18,115409.0,0.371362474126391
2023-08-21,114429.0,-0.8491538788136133
2023-08-22,116156.0,1.5092327993777799
2023-08-23,118135.0,1.7037432418471665
2023-08-24,117026.0,-0.9387565073856186
2023-08-25,115837.0,-1.0160135354536637
2023-08-28,117121.0,1.108454120876745
2023-08-29,118404.0,1.0954482970602974
2023-08-30,117535.0,-0.7339279078409477
2023-08-31,115742.0,-1.5255030416471693
2023-09-01,117893.0,1.8584437801316689
2023-09-04,117777.0,-0.09839430670184335
2023-09-05,117331.0,-0.37868174601153326
2023-09-06,115985.0,-1.1471819041855902
2023-09-08,115313.0,-0.5793852653360299
2023-09-11,116883.0,1.3615117116023256
2023-09-12,117968.0,0.9282787060564734
2023-09-13,118176.0,0.17631900176318105
2023-09-14,119392.0,1.0289737340915206
2023-09-15,118758.0,-0.53102385419459
2023-09-18,118288.0,-0.39576281176847417
2023-09-19,117846.0,-0.37366427701880367
2023-09-20,118695.0,0.7204317499108992
2023-09-21,116145.0,-2.1483634525464423
2023-09-22,116009.0,-0.11709501054716354
2023-09-25,115925.0,-0.07240817522778942
2023-09-26,114193.0,-1.4940694414492084
2023-09-27,114327.0,0.117345196290497
2023-09-28,115731.0,1.2280563646382747
2023-09-29,116565.0,0.7206366487803706
2023-10-02,115057.0,-1.2936987946639222
2023-10-03,113419.0,-1.4236421947382616
2023-10-04,113607.0,0.16575706010457658
2023-10-05,113284.0,-0.28431346659977264
2023-10-06,114170.0,0.7821051516542443
2023-10-09,115156.0,0.8636244197249621
2023-10-10,116737.0,1.3729202125811968
2023-10-11,117051.0,0.2689807002064448
2023-10-13,115754.0,-1.1080640062878566
2023-10-16,116534.0,0.6738428045683031
2023-10-17,115908.0,-0.5371822815658955
2023-10-18,114060.0,-1.5943679469924477
2023-10-19,114004.0,-0.049096966508854756
2023-10-20,113155.0,-0.7447107119048502
2023-10-23,112785.0,-0.326985108921396
2023-10-24,113762.0,0.8662499445848404
2023-10-25,112830.0,-0.8192542325205276
2023-10-26,114777.0,1.7256048923158795
2023-10-27,113301.0,-1.285971928173768
2023-10-30,112532.0,-0.6787230474576522
2023-10-31,113144.0,0.5438453062240001
2023-11-01,115053.0,1.6872304320158404
2023-11-03,118160.0,2.7004945546834858
2023-11-06,118487.0,0.2767433987813206
2023-11-07,119268.0,0.6591440411184424
2023-11-08,119099.0,-0.14169768923768533
2023-11-09,119012.0,-0.07304847227936895
2023-11-10,120636.0,1.3645682788290259
2023-11-13,120376.0,-0.21552438741337943
2023-11-14,123328.0,2.452316076294281
2023-11-16,124576.0,1.0119356512714006
2023-11-17,125062.0,0.39012329822758485
2023-11-20,126095.0,0.8259903088068343
2023-11-21,125607.0,-0.38700979420278614
2023-11-22,126035.0,0.3407453406259142
2023-11-23,126576.0,0.42924584440831026
2023-11-24,125542.0,-0.8169005182657063
2023-11-27,125683.0,0.11231301078522549
2023-11-28,126538.0,0.6802829340483596
2023-11-29,126101.0,-0.3453508037111419
2023-11-30,127331.0,0.975408601042016
2023-12-01,128103.0,0.6062938326095058
2023-12-04,126803.0,-1.0148083963685495
2023-12-05,126903.0,0.07886248748059099
2023-12-06,125623.0,-1.0086443976895731
2023-12-07,126010.0,0.30806460600367735
2023-12-08,127094.0,0.8602491865725037
2023-12-11,126916.0,-0.14005381843360531
2023-12-12,126403.0,-0.4042043556367947
2023-12-13,129465.0,2.4224108605017225
2023-12-14,130842.0,1.0636079249217945
2023-12-15,130197.0,-0.4929609758334452
2023-12-18,131084.0,0.6812752982019665
2023-12-19,131851.0,0.5851209911202027
2023-12-20,130804.0,-0.7940781639881433
2023-12-21,132182.0,1.0534846029173428
2023-12-22,132753.0,0.43198014858301104
2023-12-26,133533.0,0.5875573433368642
2023-12-27,134194.0,0.4950087244351531
2023-12-28,134185.0,-0.006706708198578326
2024-01-02,132697.0,-1.108916793978465
2024-01-03,132834.0,0.10324272590940264
2024-01-04,131226.0,-1.2105334477618634
2024-01-05,132023.0,0.6073491533689968
2024-01-08,132427.0,0.30600728660914456
2024-01-09,131447.0,-0.7400303563472654
2024-01-10,130841.0,-0.4610223131756519
2024-01-11,130649.0,-0.14674299340420305
2024-01-12,130988.0,0.259473857434811
2024-01-15,131521.0,0.40690750297738276
2024-01-16,129294.0,-1.6932657142205376
2024-01-17,128524.0,-0.5955419431682873
2024-01-18,127316.0,-0.9399022750614661
2024-01-19,127636.0,0.2513431147695533
2024-01-22,126602.0,-0.8101162681375174
2024-01-23,128263.0,1.311985592644671
2024-01-24,127816.0,-0.34850268588758615
2024-01-25,128169.0,0.27617825624335346
2024-01-26,128967.0,0.6226154530346584
2024-01-29,128503.0,-0.35978195972613536
2024-01-30,127402.0,-0.8567893356575373
2024-01-31,127752.0,0.2747209619943236
2024-02-01,128481.0,0.570636858914142
2024-02-02,127182.0,-1.0110444345856617
2024-02-05,127593.0,0.3231589375854993
2024-02-06,130416.0,2.2125038207425174
2024-02-07,129608.0,-0.6195558827137737
2024-02-08,128217.0,-1.0732362199864176
2024-02-09,128026.0,-0.1489662057293506
2024-02-14,127018.0,-0.7873400715479706
2024-02-15,127804.0,0.6188099324505147
2024-02-16,128726.0,0.7214171700416161
2024-02-19,129036.0,0.2408215900439714
2024-02-20,129916.0,0.6819802225735527
2024-02-21,130032.0,0.08928846331475171
2024-02-22,130241.0,0.1607296665436131
2024-02-23,129419.0,-0.6311376601838115
2024-02-26,129609.0,0.1468099738060058
2024-02-27,131689.0,1.6048268252976339
2024-02-28,130155.0,-1.164865706323226
2024-02-29,129020.0,-0.8720371864315624
2024-03-01,129180.0,0.1240117811192043
2024-03-04,128341.0,-0.6494813438612801
2024-03-05,128098.0,-0.18933933816940307
2024-03-06,128890.0,0.6182766319536626
2024-03-07,128340.0,-0.42672045930638447
2024-03-08,127071.0,-0.9887798036465667
2024-03-11,126124.0,-0.7452526540280613
2024-03-12,127668.0,1.2241920649519455
2024-03-13,128006.0,0.2647491932199042
2024-03-14,127690.0,-0.24686342827680008
2024-03-15,126742.0,-0.7424230558383593
2024-03-18,126954.0,0.1672689400514349
2024-03-19,127529.0,0.4529199552593788
2024-03-20,129125.0,1.2514800555167849
2024-03-21,128159.0,-0.7481122942884832
2024-03-22,127027.0,-0.8832778033536437
2024-03-25,126931.0,-0.07557448416478652
2024-03-26,126863.0,-0.0535724133584381
2024-03-27,127691.0,0.6526725680458423
2024-03-28,128106.0,0.3250033283473286
2024-04-01,126990.0,-0.8711535759449163
2024-04-02,127549.0,0.44019214111348237
2024-04-03,127318.0,-0.18110686873280546
2024-04-04,127428.0,0.0863978384831654
2024-04-05,126795.0,-0.49675110650720944
2024-04-08,128857.0,1.6262470917622895
2024-04-09,129890.0,0.8016638599377623
2024-04-10,128054.0,-1.4135037339287115
2024-04-11,127396.0,-0.5138457213363146
2024-04-12,125946.0,-1.138183302458473
2024-04-15,125334.0,-0.48592253823066534
2024-04-16,124389.0,-0.7539853511417505
2024-04-17,124171.0,-0.17525665452733374
2024-04-18,124196.0,0.020133525541399244
2024-04-19,125124.0,0.7472060291796812
2024-04-22,125573.0,0.35884402672548
2024-04-23,125148.0,-0.3384485518383773
2024-04-24,124741.0,-0.3252149455045261
2024-04-25,124646.0,-0.07615779895944197
2024-04-26,126526.0,1.5082714246746898
2024-04-29,127352.0,0.6528302483284065
2024-04-30,125924.0,-1.121301589295809
2024-05-02,127122.0,0.9513674915028192
2024-05-03,128509.0,1.0910778622110984
2024-05-06,128466.0,-0.03346069146907826
2024-05-07,129210.0,0.57914156274812
2024-05-08,129481.0,0.20973608853804837
2024-05-09,128188.0,-0.9986021115067079
2024-05-10,127600.0,-0.4587012824913361
2024-05-13,128155.0,0.4349529780564243
2024-05-14,128515.0,0.28090983574577955
2024-05-15,128028.0,-0.37894409212931857
2024-05-16,128284.0,0.1999562595682125
2024-05-17,128151.0,-0.10367621839044716
2024-05-20,127751.0,-0.3121317820383718
2024-05-21,127412.0,-0.2653599580433763
2024-05-22,125650.0,-1.3829152670078226
2024-05-23,124729.0,-0.732988460007955
2024-05-24,124306.0,-0.3391352452116192
2024-05-27,124496.0,0.15284861551332352
2024-05-28,123780.0,-0.5751188793214235
2024-05-29,122707.0,-0.8668605590563927
2024-05-31,122098.0,-0.49630420432411615
2024-06-03,122032.0,-0.05405493947484574
2024-06-04,121802.0,-0.18847515405795434
2024-06-05,121407.0,-0.32429680957619667
2024-06-06,122899.0,1.2289241971220832
2024-06-07,120767.0,-1.734757809258014
2024-06-10,120760.0,-0.0057962854090987115
2024-06-11,121635.0,0.7245776747267341
2024-06-12,119936.0,-1.396801907345746
2024-06-13,119568.0,-0.30683030949839596
2024-06-14,119662.0,0.07861635220125507
2024-06-17,119138.0,-0.43790008524009494
2024-06-18,119630.0,0.41296647585153945
2024-06-19,120261.0,0.5274596673075393
2024-06-20,120446.0,0.1538320818885497
2024-06-21,121341.0,0.7430715839463309
2024-06-24,122637.0,1.0680643805473844
2024-06-25,122331.0,-0.24951686685095176
2024-06-26,122641.0,0.25341082799943404
2024-06-27,124308.0,1.359251799969008
2024-06-28,123907.0,-0.3225858351835753
2024-07-01,124718.0,0.654523150427333
2024-07-02,124787.0,0.055324812777635124
2024-07-03,125662.0,0.7011948360005515
2024-07-04,126164.0,0.3994843309831131
2024-07-05,126267.0,0.08163977045749782
2024-07-08,126548.0,0.22254429106576268
2024-07-09,127108.0,0.4425198343711578
2024-07-10,127218.0,0.0865405796645291
2024-07-11,128294.0,0.8457922621012859
2024-07-12,128897.0,0.47001418616614554
2024-07-15,129321.0,0.3289448164037978
2024-07-16,129110.0,-0.1631598889584862
2024-07-17,129450.0,0.26334133684455807
2024-07-18,127652.0,-1.3889532638084234
2024-07-19,127616.0,-0.028201673299277363
2024-07-22,127860.0,0.19119859578735632
2024-07-23,126590.0,-0.9932738933208229
2024-07-24,126423.0,-0.1319219527608828
2024-07-25,125954.0,-0.37097680010758083
2024-07-26,127492.0,1.221080712005973
2024-07-29,126954.0,-0.42198726194584424
2024-07-30,126139.0,-0.6419648061502636
2024-07-31,127652.0,1.1994704254830069
2024-08-01,127395.0,-0.20132861216431985
2024-08-02,125854.0,-1.2096236116017067
2024-08-05,125270.0,-0.4640297487565004
2024-08-06,126267.0,0.7958808972619247
2024-08-07,127514.0,0.9875897898896868
2024-08-08,128661.0,0.8995090735135047
2024-08-09,130615.0,1.5187197363614402
2024-08-12,131116.0,0.38357003406959134
2024-08-13,132398.0,0.9777601513163869
2024-08-14,133318.0,0.694874544932711
2024-08-15,134153.0,0.6263220270330994
2024-08-16,133953.0,-0.14908350912763435
2024-08-19,135778.0,1.3624181615939923
2024-08-20,136087.0,0.2275773689404792
2024-08-21,136464.0,0.27702866548604543
2024-08-22,135173.0,-0.9460370500644855
2024-08-23,135608.0,0.3218098288859439
2024-08-26,136889.0,0.9446345348357088
2024-08-27,136776.0,-0.0825486342949433
2024-08-28,137344.0,0.415277534070313
2024-08-29,136041.0,-0.9487127213420266
2024-08-30,136004.0,-0.027197683051427557
2024-09-02,134981.0,-0.7521837593011949
2024-09-03,134353.0,-0.46525066490838984
2024-09-04,136111.0,1.3084932975073071
2024-09-05,136502.0,0.2872655406249258
2024-09-06,134572.0,-1.413898697454985
2024-09-09,134737.0,0.12261094432719499
2024-09-10,134320.0,-0.3094918248142675
2024-09-11,134677.0,0.2657832042882724
2024-09-12,134029.0,-0.4811511987941497
2024-09-13,134882.0,0.6364294294518347
2024-09-16,135118.0,0.17496774958853933
2024-09-17,134960.0,-0.1169348273361015
2024-09-18,133748.0,-0.8980438648488409
2024-09-19,133123.0,-0.4672967072404832
2024-09-20,131065.0,-1.5459387183281659
2024-09-23,130568.0,-0.37920115972990276
2024-09-24,132156.0,1.216224496048035
2024-09-25,131586.0,-0.4313084536456957
2024-09-26,133010.0,1.0821819950450617
2024-09-27,132730.0,-0.21051048793323535
2024-09-30,131816.0,-0.6886159873427222
2024-10-01,132495.0,0.5151119742671684
2024-10-02,133515.0,0.7698403713347624
2024-10-03,131672.0,-1.380369246901092
2024-10-04,131792.0,0.09113554893978026
2024-10-07,132018.0,0.17148233580186467
2024-10-08,131512.0,-0.3832810677331877
2024-10-09,129962.0,-1.17859967151287
2024-10-10,130353.0,0.30085717363537157
2024-10-11,129992.0,-0.27694030823993687
2024-10-14,131005.0,0.7792787248446009
2024-10-15,131043.0,0.029006526468444704
2024-10-16,131750.0,0.5395175629373528
2024-10-17,130793.0,-0.7263757115749558
2024-10-18,130499.0,-0.22478267185552792
2024-10-21,130362.0,-0.10498164736894022
2024-10-22,129721.0,-0.491707706233413
2024-10-23,129233.0,-0.376191981252072
2024-10-24,130067.0,0.6453460029558933
2024-10-25,129893.0,-0.13377720713171337
2024-10-28,131213.0,1.0162210434742525
2024-10-29,130730.0,-0.3681037702056966
2024-10-30,130639.0,-0.0696091180295233
2024-10-31,129713.0,-0.7088235519255304
2024-11-01,128121.0,-1.22732494044544
2024-11-04,130515.0,1.8685461399770453
2024-11-05,130661.0,0.11186453664329132
2024-11-06,130341.0,-0.24490858021903872
2024-11-07,129682.0,-0.5055968574738556
2024-11-08,127830.0,-1.4281087583473462
2024-11-11,127874.0,0.03442071501211785
2024-11-12,127698.0,-0.13763548493047617
2024-11-13,127734.0,0.028191514354181102
2024-11-14,127792.0,0.04540686113330139
2024-11-18,127768.0,-0.018780518342309538
2024-11-19,128197.0,0.3357648237430233
2024-11-21,126922.0,-0.9945630552977036
2024-11-22,129126.0,1.736499582420703
2024-11-25,129036.0,-0.06969936341247873
2024-11-26,129922.0,0.6866300877274467
2024-11-27,127669.0,-1.734117393513035
2024-11-28,124610.0,-2.396039759064461
2024-11-29,125668.0,0.849049032982907
2024-12-02,125236.0,-0.3437629308972845
2024-12-03,126139.0,0.7210386789741063
2024-12-04,126087.0,-0.0412243635988907
2024-12-05,127858.0,1.4045857225566394
2024-12-06,125946.0,-1.4954089693253403
2024-12-09,127210.0,1.0036047194829534
2024-12-10,128228.0,0.8002515525509013
2024-12-11,129593.0,1.0645100913996952
2024-12-12,126042.0,-2.7401171359564214
2024-12-13,124612.0,-1.134542454102605
2024-12-16,123560.0,-0.8442204603087977
2024-12-17,124698.0,0.9210100356102258
2024-12-18,120772.0,-3.1484065502253467
2024-12-19,121188.0,0.3444507004934927
2024-12-20,122102.0,0.7542000858170805
2024-12-23,120767.0,-1.0933481843049209
2024-12-26,121078.0,0.25752068031830166
2024-12-27,120269.0,-0.6681643238243162
2024-12-30,120283.0,0.011640572383564418
2025-01-02,120125.0,-0.13135688335009776
2025-01-03,118533.0,-1.325286160249739
2025-01-06,120022.0,1.2561902592526986
2025-01-07,121163.0,0.9506590458415953
2025-01-08,119625.0,-1.2693644099271206
2025-01-09,119781.0,0.13040752351096696
2025-01-10,118856.0,-0.7722426762174273
2025-01-13,119007.0,0.12704449081242242
2025-01-14,119299.0,0.24536371810062185
2025-01-15,122650.0,2.808908708371405
2025-01-16,121234.0,-1.1545046881369703
2025-01-17,122350.0,0.9205338436412136
2025-01-20,122543.0,0.15774417654270678
2025-01-21,123338.0,0.648751866691688
2025-01-22,122972.0,-0.29674552854757064
2025-01-23,122483.0,-0.39765149790196297
2025-01-24,122447.0,-0.029391833968794856
2025-01-27,124862.0,1.9722818852238033
2025-01-28,124056.0,-0.6455126459611438
2025-01-29,123432.0,-0.5029986457728786
2025-01-30,126913.0,2.8201762913993234
2025-01-31,126135.0,-0.6130183669127653
2025-02-03,125970.0,-0.13081222499702339
2025-02-04,125147.0,-0.6533301579741191
2025-02-05,125534.0,0.309236338066432
2025-02-06,126225.0,0.5504484840760382
2025-02-07,124619.0,-1.272331154684092
2025-02-10,125572.0,0.7647308997825286
2025-02-11,126522.0,0.7565380817379674
2025-02-12,124380.0,-1.6929862000284568
2025-02-13,124850.0,0.3778742563113058
2025-02-14,128219.0,2.6984381257509016
2025-02-17,128869.0,0.5069451485349319
2025-02-18,128532.0,-0.26150587030240313
2025-02-19,127309.0,-0.9515140198549821
2025-02-20,127601.0,0.2293632029157333
2025-02-21,127128.0,-0.37068675010384355
2025-02-24,125401.0,-1.3584733496947998
2025-02-25,125980.0,0.4617188060701327
2025-02-26,124769.0,-0.9612636926496276
2025-02-27,124799.0,0.024044434114234292
2025-02-28,122799.0,-1.6025769437255089
2025-03-05,123047.0,0.20195604198731676
2025-03-06,123358.0,0.25274894958837724
2025-03-07,125035.0,1.3594578381620925
2025-03-10,124519.0,-0.41268444835446116
2025-03-11,123507.0,-0.8127273749387598
2025-03-12,123864.0,0.2890524423716956
2025-03-13,125637.0,1.4314086417360983
2025-03-14,128957.0,2.6425336485271123
2025-03-17,130834.0,1.4555239343347015
2025-03-18,131475.0,0.4899338092544836
2025-03-19,132508.0,0.7857007035558139
2025-03-20,131955.0,-0.41733329308418776
2025-03-21,132345.0,0.29555530294418375
2025-03-24,131321.0,-0.773735313007673
2025-03-25,132068.0,0.5688351444171236
2025-03-26,132520.0,0.3422479328830663
2025-03-27,133149.0,0.47464533655297014
2025-03-28,131902.0,-0.936544773148873
2025-03-31,130260.0,-1.244863610862612
2025-04-01,131147.0,0.6809458007062785
2025-04-02,131190.0,0.032787635248987534
2025-04-03,131141.0,-0.03735040780546983
2025-04-04,127256.0,-2.9624602527051014
2025-04-07,125588.0,-1.310743697743133
2025-04-08,123932.0,-1.31859731821512
2025-04-09,127796.0,3.1178388148339398
2025-04-10,126355.0,-1.127578327960188
2025-04-11,127682.0,1.0502156622215209
2025-04-14,129454.0,1.3878228724487407
2025-04-15,129245.0,-0.16144730946899832
2025-04-16,128317.0,-0.7180161708383315
2025-04-17,129650.0,1.038833513875792
2025-04-22,130464.0,0.627844195912064
2025-04-23,132216.0,1.3428991905813037
2025-04-24,134580.0,1.787983300054452
2025-04-25,134739.0,0.11814534106107111
2025-04-28,135016.0,0.20558264496544076
2025-04-29,135093.0,0.05703027789298876
2025-04-30,135067.0,-0.019246000903083704
2025-05-02,135134.0,0.04960501084647628
2025-05-05,133491.0,-1.2158302129737897
2025-05-06,133516.0,0.01872785431227264
2025-05-07,133398.0,-0.08837892087839583
2025-05-08,136232.0,2.124469632228365
2025-05-09,136512.0,0.20553173997299723
2025-05-12,136563.0,0.03735935302391358
2025-05-13,138963.0,1.7574306364095627
2025-05-14,138423.0,-0.3885926469635814
2025-05-15,139334.0,0.6581276232995981
2025-05-16,139187.0,-0.10550188755077405
2025-05-19,139636.0,0.3225875979796955
2025-05-20,140110.0,0.3394540089948217
2025-05-21,137881.0,-1.5908928698879499
2025-05-22,137273.0,-0.44095995822485134
2025-05-23,137824.0,0.40138993101337395
2025-05-26,138136.0,0.22637566751799731
2025-05-27,139541.0,1.0171135692361055
2025-05-28,138888.0,-0.46796282096301933
2025-05-29,138534.0,-0.2548816312424429
2025-05-30,137027.0,-1.0878195966333215
2025-06-02,136787.0,-0.17514796354003437
2025-06-03,137546.0,0.5548772909706345
2025-06-04,137002.0,-0.3955040495543294
2025-06-05,136236.0,-0.5591159253149569
2025-06-06,136102.0,-0.09835873043835264
2025-06-09,135699.0,-0.2961014533217732
2025-06-10,136436.0,0.5431138033441751
2025-06-11,137128.0,0.5071975138526419
2025-06-12,137800.0,0.49005308908465217
2025-06-13,137213.0,-0.42597968069666425
2025-06-16,139256.0,1.488925976401645
2025-06-17,138840.0,-0.29873039581777006
2025-06-18,138717.0,-0.08859118409679789
2025-06-20,137116.0,-1.154148374027697
2025-06-23,136551.0,-0.4120598617229243
2025-06-24,137165.0,0.44964884914793224
2025-06-25,135767.0,-1.0192104399810442
2025-06-26,137114.0,0.9921409473583331
2025-06-27,136866.0,-0.18087139168866395
2025-06-30,138855.0,1.4532462408487046
2025-07-01,139549.0,0.4998019516762042
2025-07-02,139051.0,-0.3568638972690552
2025-07-03,140928.0,1.3498644382277103
2025-07-04,141478.0,0.39027020890098907
2025-07-07,139490.0,-1.4051654674224978
2025-07-08,139303.0,-0.1340597892321993
2025-07-09,137481.0,-1.307940245364425
2025-07-10,136743.0,-0.536801448927493
2025-07-11,136187.0,-0.4066021661072283
2025-07-14,135299.0,-0.6520446151247916
2025-07-15,135250.0,-0.036216084376083924
2025-07-16,135511.0,0.19297597042513548
2025-07-17,135565.0,0.039849163536542775
2025-07-18,133382.0,-1.6102976431969895
2025-07-21,134167.0,0.5885351846576015
2025-07-22,134036.0,-0.09763950897015983
2025-07-23,135368.0,0.9937628696768064
2025-07-24,133808.0,-1.1524141599196236
2025-07-25,133524.0,-0.21224440990075255
2025-07-28,132129.0,-1.0447559989215427
2025-07-29,132726.0,0.45183116499785125
2025-07-30,133990.0,0.9523378991305398
2025-07-31,133071.0,-0.685872080005967
2025-08-01,132437.0,-0.4764373905659425
2025-08-04,132971.0,0.403210583145186
2025-08-05,133151.0,0.1353678621654364
2025-08-06,134538.0,1.0416744898648966
2025-08-07,136528.0,1.479136006184123
2025-08-08,135913.0,-0.45045704910348094
2025-08-11,135623.0,-0.21337178930639356
2025-08-12,137914.0,1.6892415003354921
2025-08-13,136687.0,-0.8896848760821974
2025-08-14,136356.0,-0.24215909340317143
2025-08-15,136341.0,-0.011000616034495536
2025-08-18,137322.0,0.7195194402270788
2025-08-19,134432.0,-2.104542607885118
2025-08-20,134667.0,0.17480956915019163
2025-08-21,134511.0,-0.11584129742253646
2025-08-22,137968.0,2.5700500330827936
2025-08-25,138025.0,0.041313927867325795
2025-08-26,137771.0,-0.18402463321861573
2025-08-27,139206.0,1.041583497252696
2025-08-28,141049.0,1.3239371866155203
2025-08-29,141422.0,0.2644471070337273
2025-09-01,141125.0,-0.21000975802916155
2025-09-02,140335.0,-0.5597874224977817
2025-09-03,139864.0,-0.33562546763102885
2025-09-04,140993.0,0.807212720928896
2025-09-05,142640.0,1.1681430993027986
2025-09-08,141792.0,-0.5945036455412223
2025-09-09,141618.0,-0.12271496276236027
2025-09-10,142349.0,0.5161773220918153
2025-09-11,143151.0,0.563404028128045
2025-09-12,142272.0,-0.6140369260431267
2025-09-15,143547.0,0.8961707152496556
2025-09-16,144062.0,0.35876751168606447
2025-09-17,145594.0,1.0634310227541022
2025-09-18,145500.0,-0.0645631001277569
2025-09-19,145865.0,0.25085910652919985
2025-09-22,145109.0,-0.5182874575806351
2025-09-23,146425.0,0.906904464919478
2025-09-24,146492.0,0.04575721359056928
2025-09-25,145306.0,-0.8096005242607118
2025-09-26,145447.0,0.09703659862634328
2025-09-29,146337.0,0.6119067426622715
2025-09-30,146237.0,-0.06833541756356976
2025-10-01,145517.0,-0.4923514568816345
2025-10-02,143950.0,-1.076850127476514
2025-10-03,144201.0,0.17436609934005087
2025-10-06,143608.0,-0.41123154485752655
2025-10-07,141356.0,-1.5681577627987275
2025-10-08,142145.0,0.5581651999207571
2025-10-09,141708.0,-0.307432551268072
2025-10-10,140680.0,-0.7254354023767173
2025-10-13,141783.0,0.7840489053170252
2025-10-14,141683.0,-0.0705303174569627
2025-10-15,142604.0,0.6500427009591858
2025-10-16,142200.0,-0.2833020111637774
2025-10-17,143399.0,0.8431786216596349
2025-10-20,144509.0,0.7740639753415213
2025-10-21,144085.0,-0.29340733103128125
2025-10-22,144873.0,0.5468993996599281
2025-10-23,145721.0,0.5853402635411786
2025-10-24,146172.0,0.30949554285244485
2025-10-27,146969.0,0.5452480639246859
2025-10-28,147429.0,0.3129911750096914
2025-10-29,148633.0,0.8166642926425549
2025-10-30,148780.0,0.09890132070267121
2025-10-31,149540.0,0.510821346955237
2025-11-03,150454.0,0.611207703624439
2025-11-04,150704.0,0.1661637444002828
2025-11-05,153294.0,1.7186007007113258
2025-11-06,153339.0,0.029355356374027863
2025-11-07,154064.0,0.4728086135947107
2025-11-10,155257.0,0.7743535154221659
2025-11-11,157749.0,1.6050806082817504
2025-11-12,157633.0,-0.073534539046205
2025-11-13,157162.0,-0.2987953030139656
2025-11-14,157739.0,0.367137094208525
2025-11-17,156993.0,-0.4729331363835243
2025-11-18,156522.0,-0.30001337639258274
2025-11-19,155381.0,-0.7289710072705402
2025-11-21,154770.0,-0.3932269711225955
2025-11-24,155278.0,0.3282289849454001
2025-11-25,155910.0,0.40701193987557893
2025-11-26,158555.0,1.6964915656468404
2025-11-27,158292.0,-0.1658730409006326
2025-11-28,159072.0,0.4927602152983157
2025-12-01,158611.0,-0.2898058740696041
2025-12-02,161092.0,1.5642042481290641
2025-12-03,161755.0,0.4115660616293759
2025-12-04,164456.0,1.6698092794658503
2025-12-05,157369.0,-4.309359342316488
2025-12-08,158187.0,0.5197974188054788
2025-12-09,157981.0,-0.13022561904580954
2025-12-10,159075.0,0.6924883372050994
2025-12-11,159189.0,0.07166430928806644
2025-12-12,160766.0,0.990646338628931
2025-12-15,162482.0,1.0673898709926188
2025-12-16,158578.0,-2.402727686759154
2025-12-17,157327.0,-0.7888862263365715
2025-12-18,157923.0,0.3788288087867908
2025-12-19,158473.0,0.3482709928256167
2025-12-22,158142.0,-0.20886838767487648
2025-12-23,160456.0,1.4632418965233818
2025-12-26,160897.0,0.2748417011517068
2025-12-29,160490.0,-0.2529568606002619
2025-12-30,161125.0,0.39566328120133054
2026-01-02,160539.0,-0.36369278510473
2026-01-05,161870.0,0.829082029911743
2026-01-06,163664.0,1.108296781367768
2026-01-07,161975.0,-1.0319923746211712
2026-01-08,162937.0,0.5939188146318886
2026-01-09,163370.0,0.26574688376488353
2026-01-12,163150.0,-0.13466364693640598
2026-01-13,161973.0,-0.7214220042905284
2026-01-14,165146.0,1.958968470053657
2026-01-15,165568.0,0.2555314691242927
2026-01-16,164800.0,-0.46385775028990883
2026-01-19,164849.0,0.029733009708743374
2026-01-20,166277.0,0.866247292977218
2026-01-21,171817.0,3.3317897243756
2026-01-22,175589.0,2.1953590156969405
2026-01-23,178859.0,1.8623034472546651
2026-01-26,178721.0,-0.0771557483828067
2026-01-27,181919.0,1.789381214294905
2026-01-28,184691.0,1.5237550778093523
2026-01-29,183134.0,-0.8430297090816552
2026-01-30,181364.0,-0.9665054004171836
2026-02-02,182793.0,0.7879182197128465
2026-02-03,185674.0,1.5760997412373579
2026-02-04,181708.0,-2.1360018096233224
2026-02-05,182127.0,0.23058973738085964
2026-02-06,182950.0,0.4518824776117869
2026-02-09,186241.0,1.7988521453949247
2026-02-10,185929.0,-0.16752487368517643
2026-02-11,189699.0,2.027655718042909
2026-02-12,187766.0,-1.018982704178728
2026-02-13,186464.0,-0.6934162734467342
2026-02-18,186016.0,-0.2402608546421825
2026-02-19,188534.0,1.3536469981076937
2026-02-20,190534.0,1.060816616631488
2026-02-23,188854.0,-0.8817323942183597
2026-02-24,191490.0,1.3957872218751
2026-02-25,191248.0,-0.12637735651992443
2026-02-26,191005.0,-0.12706015226302547
2026-02-27,188787.0,-1.1612261459124085
2026-03-02,189307.0,0.27544269467707494
2026-03-03,183105.0,-3.276159888435193
2026-03-04,185366.0,1.2348106277818793
2026-03-05,180464.0,-2.644497912238486
2026-03-06,179365.0,-0.6089857256848963
2026-03-09,180915.0,0.8641596744069391
2026-03-10,183447.0,1.3995522759306933
2026-03-11,183969.0,0.2845508511995387
2026-03-12,179285.0,-2.5460811332344013
2026-03-13,177653.0,-0.9102825110857027
2026-03-16,179875.0,1.2507528721721561
2026-03-17,180410.0,0.2974287699791578
2026-03-18,179640.0,-0.4268056094451578
2026-03-19,180271.0,0.3512580716989566
2026-03-20,176219.0,-2.2477270331889176
2026-03-23,181932.0,3.24198866183556
2026-03-24,182509.0,0.3171514631840511
2026-03-25,185424.0,1.597181508857104
2026-03-26,182733.0,-1.4512684442143375
2026-03-27,181557.0,-0.643561918208535
2026-03-30,182514.0,0.5271071894776824
2026-03-31,187462.0,2.7110249076783166
2026-04-01,187953.0,0.2619197490691505
2026-04-02,188052.0,0.05267274265374766
2026-04-06,188162.0,0.058494458979430064
2026-04-07,188259.0,0.05155132279630603
2026-04-08,192201.0,2.093923796471886
2026-04-09,195129.0,1.5234051851967578
2026-04-10,197324.0,1.1248968631008216
2026-04-13,198001.0,0.34309055158014967
2026-04-14,198657.0,0.3313114580229426
2026-04-15,197738.0,-0.46260640198936276
2026-04-16,196819.0,-0.4647563948254718
2026-04-17,195734.0,-0.5512679162072764
2026-04-20,196132.0,0.20333718209406548
2026-04-22,192889.0,-1.6534782697367079
2026-04-23,191378.0,-0.7833520833225305
2026-04-24,190745.0,-0.3307590214131184
2026-04-27,189579.0,-0.611287320768561
2026-04-28,188619.0,-0.5063852008925007
2026-04-29,184750.0,-2.0512249561284945
2026-04-30,187318.0,1.3899864682002772
2026-05-04,185600.0,-0.9171569203173191
2026-05-05,186754.0,0.6217672413793007
2026-05-06,187691.0,0.5017295479614825
2026-05-07,183218.0,-2.3831723417745088
2026-05-08,184108.0,0.4857601327380445
2026-05-11,181909.0,-1.1944076303039508
2026-05-12,180342.0,-0.8614197208494323
2026-05-13,177098.0,-1.7988044936842251
2026-05-14,178366.0,0.7159877581903729
2026-05-15,177284.0,-0.6066178531782929
2026-05-18,176976.0,-0.17373254213578493
2026-05-19,174279.0,-1.523935448874425
2026-05-20,177356.0,1.7655598207471979
2026-05-21,177650.0,0.16576828525676213
2026-05-22,176210.0,-0.8105826062482446
2026-05-25,177359.0,0.6520628795187555
2026-05-26,176589.0,-0.4341476891502549
2026-05-27,175744.0,-0.4785122516125062
2026-05-28,175063.0,-0.3874954479242576
2026-05-29,173788.0,-0.7283092372460165
2026-06-01,172198.0,-0.9149078187216664
2026-06-02,174198.0,1.1614536754201543
2026-06-03,170331.0,-2.2198877139806394
2026-06-05,169019.0,-0.7702649547058349
2026-06-08,168669.0,-0.20707731083488
2026-06-09,169813.0,0.678251486639514
2026-06-10,168619.0,-0.7031263801946852
2026-06-11,171497.0,1.706806469021882
2026-06-12,171133.0,-0.21224861076286627
2026-06-15,170415.0,-0.41955671904307934
2026-06-16,169649.0,-0.4494909485667331
2026-06-17,168454.0,-0.7043955460981244
2026-06-18,168278.0,-0.104479561185844
2026-06-19,168576.0,0.17708791404700275
2026-06-22,170370.0,1.0642084282460162
2026-06-23,171259.0,0.5218054821858331
2026-06-24,170507.0,-0.43910101074979835
2026-06-25,171990.0,0.8697590128264432
2026-06-26,173295.0,0.758765044479337
2026-06-29,173205.0,-0.05193456245131678
2026-06-30,172024.0,-0.6818509858260491
2026-07-01,171689.0,-0.19474026879969797
2026-07-02,172788.0,0.6401108981938242
2026-07-03,174266.0,0.8553834757043299
2026-07-06,172448.0,-1.0432327591153756
2026-07-07,172021.0,-0.24761087400260173
2026-07-08,170654.0,-0.7946704181466258
2026-07-09,172742.0,1.2235283087416615
2026-07-10,177866.0,2.9662734019520354
2026-07-13,175739.0,-1.1958440623840438
2026-07-14,176641.0,0.513261142944943
2026-07-15,176011.0,-0.3566555895856527
2026-07-16,173825.0,-1.241967831555979
2026-07-17,173714.0,-0.06385732777218767
2026-07-20,173371.0,-0.19745098264963845
2026-07-21,173326.0,-0.025955898045237902
2026-07-22,177548.0,2.4358722869044502
2026-07-23,176724.0,-0.46409984905489976
2026-07-24,174042.0,-1.517620696679567
2026-07-27,175335.0,0.7429241217637106
2026-07-28,176565.0,0.7015142441611832
2026-07-29,173885.0,-1.5178546144479332
2026-07-30,177159.0,1.8828536101446414
2026-07-31,177999.0,0.4741503395255142
2026-08-03,178000.0,0.0005618009089936038
2026-08-04,177895.0,-0.05898876404494269
2026-08-05,177726.0,-0.09499985946765932
